﻿<?xml version="1.0" encoding="UTF-8"?>
<?Copyright (c) Microsoft Corporation. All rights reserved.?>
<DataCollectorSet>
<Name>DYNPERF_Microsoft_SQL_Server_2008___R2</Name>
<DisplayName>@%systemroot%\system32\wdc.dll,#10026</DisplayName>
<Description>@%systemroot%\system32\wdc.dll,#10027</Description>
<Keyword>CPU</Keyword>
<Keyword>Memory</Keyword>
<Keyword>Disk</Keyword>
<Keyword>Network</Keyword>
<Keyword>Performance</Keyword>
<RootPath>%systemdrive%\perflogs\System\Performance</RootPath>
<SubdirectoryFormat>3</SubdirectoryFormat>
<SubdirectoryFormatPattern>yyyyMMdd\-NNNNNN</SubdirectoryFormatPattern>
<PerformanceCounterDataCollector>
    <Name>DYNPERF_Microsoft_SQL_Server_2008___R2</Name>
    <SampleInterval>45</SampleInterval>
    <Counter>\Cache\Dirty Pages</Counter>
    <Counter>\Cache\Lazy Write Flushes/sec</Counter>
    <Counter>\LogicalDisk(*)\% Free Space</Counter>
    <Counter>\LogicalDisk(*)\% Idle Time</Counter>
    <Counter>\LogicalDisk(*)\Avg. Disk Bytes/Read</Counter>
    <Counter>\LogicalDisk(*)\Avg. Disk Bytes/Transfer</Counter>
    <Counter>\LogicalDisk(*)\Avg. Disk Bytes/Write</Counter>
    <Counter>\LogicalDisk(*)\Avg. Disk Queue Length</Counter>
    <Counter>\LogicalDisk(*)\Avg. Disk sec/Read</Counter>
    <Counter>\LogicalDisk(*)\Avg. Disk sec/Transfer</Counter>
    <Counter>\LogicalDisk(*)\Avg. Disk sec/Write</Counter>
    <Counter>\LogicalDisk(*)\Current Disk Queue Length</Counter>
    <Counter>\LogicalDisk(*)\Disk Bytes/sec</Counter>
    <Counter>\LogicalDisk(*)\Disk Reads/sec</Counter>
    <Counter>\LogicalDisk(*)\Disk Transfers/sec</Counter>
    <Counter>\LogicalDisk(*)\Disk Writes/sec</Counter>
    <Counter>\LogicalDisk(*)\Free Megabytes</Counter>
    <Counter>\Memory\% Committed Bytes In Use</Counter>
    <Counter>\Memory\Available MBytes</Counter>
    <Counter>\Memory\Cache Bytes</Counter>
    <Counter>\Memory\Commit Limit</Counter>
    <Counter>\Memory\Committed Bytes</Counter>
    <Counter>\Memory\Free &amp; Zero Page List Bytes</Counter>
    <Counter>\Memory\Free System Page Table Entries</Counter>
    <Counter>\Memory\Long-Term Average Standby Cache Lifetime (s)</Counter>
    <Counter>\Memory\Pages Input/sec</Counter>
    <Counter>\Memory\Pages Output/sec</Counter>
    <Counter>\Memory\Pages/sec</Counter>
    <Counter>\Memory\Pool Nonpaged Bytes</Counter>
    <Counter>\Memory\Pool Paged Bytes</Counter>
    <Counter>\Memory\System Cache Resident Bytes</Counter>
    <Counter>\Memory\Transition Pages RePurposed/sec</Counter>
    <Counter>\MSRS 2008 R2 Web Service\Cache Misses/Sec</Counter>
    <Counter>\MSRS 2008 R2 Web Service\Report Requests</Counter>
    <Counter>\MSRS 2008 R2 Web Service\Total Memory Cache Misses</Counter>
    <Counter>\MSRS 2008 R2 Web Service\Total Requests</Counter>
    <Counter>\MSSQL$INSTANCENAME01:Access Methods()\Forwarded Records/sec</Counter>
    <Counter>\MSSQL$INSTANCENAME01:Access Methods()\FreeSpace Scans/sec</Counter>
    <Counter>\MSSQL$INSTANCENAME01:Access Methods()\Full Scans/sec</Counter>
    <Counter>\MSSQL$INSTANCENAME01:Access Methods()\Index Searches/sec</Counter>
    <Counter>\MSSQL$INSTANCENAME01:Access Methods()\Page Splits/sec</Counter>
    <Counter>\MSSQL$INSTANCENAME01:Access Methods()\Scan Point Revalidations/sec</Counter>
    <Counter>\MSSQL$INSTANCENAME01:Access Methods()\Table Lock Escalations/sec</Counter>
    <Counter>\MSSQL$INSTANCENAME01:Access Methods()\Workfiles Created/sec</Counter>
    <Counter>\MSSQL$INSTANCENAME01:Access Methods()\Worktables Created/sec</Counter>
    <Counter>\MSSQL$INSTANCENAME01:Access Methods()\Worktables From Cache Ratio</Counter>
    <Counter>\MSSQL$INSTANCENAME01:Buffer Manager()\Buffer cache hit ratio</Counter>
    <Counter>\MSSQL$INSTANCENAME01:Buffer Manager()\Checkpoint pages/sec</Counter>
    <Counter>\MSSQL$INSTANCENAME01:Buffer Manager()\Free list stalls/sec</Counter>
    <Counter>\MSSQL$INSTANCENAME01:Buffer Manager()\Free pages</Counter>
    <Counter>\MSSQL$INSTANCENAME01:Buffer Manager()\Lazy writes/sec</Counter>
    <Counter>\MSSQL$INSTANCENAME01:Buffer Manager()\Page life expectancy</Counter>
    <Counter>\MSSQL$INSTANCENAME01:Buffer Manager()\Page lookups/sec</Counter>
    <Counter>\MSSQL$INSTANCENAME01:Buffer Manager()\Page reads/sec</Counter>
    <Counter>\MSSQL$INSTANCENAME01:Buffer Manager()\Page writes/sec</Counter>
    <Counter>\MSSQL$INSTANCENAME01:Buffer Manager()\Readahead pages/sec</Counter>
    <Counter>\MSSQL$INSTANCENAME01:Buffer Manager()\Stolen pages</Counter>
    <Counter>\MSSQL$INSTANCENAME01:Buffer Node(*)\Foreign pages</Counter>
    <Counter>\MSSQL$INSTANCENAME01:Buffer Node(*)\Page life expectancy</Counter>
    <Counter>\MSSQL$INSTANCENAME01:Databases(*)\Data File(s) Size (KB)</Counter>
    <Counter>\MSSQL$INSTANCENAME01:Databases(*)\Log Bytes Flushed/sec</Counter>
    <Counter>\MSSQL$INSTANCENAME01:Databases(*)\Log File(s) Size (KB)</Counter>
    <Counter>\MSSQL$INSTANCENAME01:Databases(*)\Log File(s) Used Size (KB)</Counter>
    <Counter>\MSSQL$INSTANCENAME01:Databases(*)\Log Flush Wait Time</Counter>
    <Counter>\MSSQL$INSTANCENAME01:Databases(*)\Log Flush Waits/sec</Counter>
    <Counter>\MSSQL$INSTANCENAME01:Databases(*)\Log Flushes/sec</Counter>
    <Counter>\MSSQL$INSTANCENAME01:Databases(*)\Log Growths</Counter>
    <Counter>\MSSQL$INSTANCENAME01:Databases(*)\Log Shrinks</Counter>
    <Counter>\MSSQL$INSTANCENAME01:Databases(*)\Log Truncations</Counter>
    <Counter>\MSSQL$INSTANCENAME01:Databases(*)\Percent Log Used</Counter>
    <Counter>\MSSQL$INSTANCENAME01:Deprecated Features(*)\Usage</Counter>
    <Counter>\MSSQL$INSTANCENAME01:General Statistics()\Logins/sec</Counter>
    <Counter>\MSSQL$INSTANCENAME01:General Statistics()\Logouts/sec</Counter>
    <Counter>\MSSQL$INSTANCENAME01:General Statistics()\User Connections</Counter>
    <Counter>\MSSQL$INSTANCENAME01:Latches()\Latch Waits/sec</Counter>
    <Counter>\MSSQL$INSTANCENAME01:Latches()\Total Latch Wait Time (ms)</Counter>
    <Counter>\MSSQL$INSTANCENAME01:Locks(*)\Average Wait Time (ms)</Counter>
    <Counter>\MSSQL$INSTANCENAME01:Locks(*)\Lock Requests/sec</Counter>
    <Counter>\MSSQL$INSTANCENAME01:Locks(*)\Lock Timeouts/sec</Counter>
    <Counter>\MSSQL$INSTANCENAME01:Locks(*)\Lock Wait Time (ms)</Counter>
    <Counter>\MSSQL$INSTANCENAME01:Locks(*)\Lock Waits/sec</Counter>
    <Counter>\MSSQL$INSTANCENAME01:Locks(*)\Number of Deadlocks/sec</Counter>
    <Counter>\MSSQL$INSTANCENAME01:Memory Manager()\Granted Workspace Memory (KB)</Counter>
    <Counter>\MSSQL$INSTANCENAME01:Memory Manager()\Maximum Workspace Memory (KB)</Counter>
    <Counter>\MSSQL$INSTANCENAME01:Memory Manager()\Memory Grants Outstanding</Counter>
    <Counter>\MSSQL$INSTANCENAME01:Memory Manager()\Memory Grants Pending</Counter>
    <Counter>\MSSQL$INSTANCENAME01:Memory Manager()\Target Server Memory(KB)</Counter>
    <Counter>\MSSQL$INSTANCENAME01:Memory Manager()\Total Server Memory (KB)</Counter>
    <Counter>\MSSQL$INSTANCENAME01:Plan Cache(*)\Cache Hit Ratio</Counter>
    <Counter>\MSSQL$INSTANCENAME01:Resource Pool Stats(*)\CPU usage %</Counter>
    <Counter>\MSSQL$INSTANCENAME01:Resource Pool Stats(*)\Max memory (KB)</Counter>
    <Counter>\MSSQL$INSTANCENAME01:Resource Pool Stats(*)\Target memory (KB)</Counter>
    <Counter>\MSSQL$INSTANCENAME01:Resource Pool Stats(*)\Used memory (KB)</Counter>
    <Counter>\MSSQL$INSTANCENAME01:SQL Errors(*)\Errors/sec</Counter>
    <Counter>\MSSQL$INSTANCENAME01:SQL Statistics()\Auto-Param Attempts/sec</Counter>
    <Counter>\MSSQL$INSTANCENAME01:SQL Statistics()\Batch Requests/sec</Counter>
    <Counter>\MSSQL$INSTANCENAME01:SQL Statistics()\Failed Auto-Params/sec</Counter>
    <Counter>\MSSQL$INSTANCENAME01:SQL Statistics()\Safe Auto-Params/sec</Counter>
    <Counter>\MSSQL$INSTANCENAME01:SQL Statistics()\SQL Attention rate</Counter>
    <Counter>\MSSQL$INSTANCENAME01:SQL Statistics()\SQL Compilations/sec</Counter>
    <Counter>\MSSQL$INSTANCENAME01:SQL Statistics()\SQL Re-Compilations/sec</Counter>
    <Counter>\MSSQL$INSTANCENAME01:SQL Statistics()\Unsafe Auto-Params/sec</Counter>
    <Counter>\MSSQL$INSTANCENAME01:SSIS Pipeline 10.0()\Buffer memory</Counter>
    <Counter>\MSSQL$INSTANCENAME01:SSIS Pipeline 10.0()\Buffers in use</Counter>
    <Counter>\MSSQL$INSTANCENAME01:SSIS Pipeline 10.0()\Buffers spooled</Counter>
    <Counter>\MSSQL$INSTANCENAME01:SSIS Pipeline 10.0()\Flat buffers in use</Counter>
    <Counter>\MSSQL$INSTANCENAME01:SSIS Pipeline 10.0()\Private buffers in use</Counter>
    <Counter>\MSSQL$INSTANCENAME01:Transactions()\Free Space in tempdb (KB)</Counter>
    <Counter>\MSSQL$INSTANCENAME01:Transactions()\Longest Transaction Running Time</Counter>
    <Counter>\MSSQL$INSTANCENAME01:Transactions()\NonSnapshot Version Transactions</Counter>
    <Counter>\MSSQL$INSTANCENAME01:Transactions()\Snapshot Transactions</Counter>
    <Counter>\MSSQL$INSTANCENAME01:Transactions()\Version Cleanup rate (KB/s)</Counter>
    <Counter>\MSSQL$INSTANCENAME01:Transactions()\Version Generation rate (KB/s)</Counter>
    <Counter>\MSSQL$INSTANCENAME01:Workload Group Stats(*)\CPU usage %</Counter>
    <Counter>\MSSQL$INSTANCENAME01:Workload Group Stats(*)\Queued requests</Counter>
    <Counter>\MSSQL$INSTANCENAME01:Workload Group Stats(*)\Requests completed/sec</Counter>
    <Counter>\Network Inspection System\Average inspection latency (sec/bytes)</Counter>
    <Counter>\Network Interface(*)\Bytes Received/sec</Counter>
    <Counter>\Network Interface(*)\Bytes Sent/sec</Counter>
    <Counter>\Network Interface(*)\Bytes Total/sec</Counter>
    <Counter>\Network Interface(*)\Current Bandwidth</Counter>
    <Counter>\Network Interface(*)\Output Queue Length</Counter>
    <Counter>\Network Interface(*)\Packets Outbound Errors</Counter>
    <Counter>\Network Interface(*)\Packets Received/sec</Counter>
    <Counter>\Network Interface(*)\Packets Sent/sec</Counter>
    <Counter>\Network Interface(*)\Packets/sec</Counter>
    <Counter>\Paging File(*)\% Usage</Counter>
    <Counter>\PAL Generated(*)\SQL Plan Re-Use Rate</Counter>
    <Counter>\PhysicalDisk(*)\Avg. Disk Queue Length</Counter>
    <Counter>\PhysicalDisk(*)\Avg. Disk sec/Read</Counter>
    <Counter>\PhysicalDisk(*)\Avg. Disk sec/Write</Counter>
    <Counter>\PhysicalDisk(*)\Current Disk Queue Length</Counter>
    <Counter>\PhysicalDisk(*)\Disk Bytes/sec</Counter>
    <Counter>\Process(*)\Handle Count</Counter>
    <Counter>\Process(*)\ID Process</Counter>
    <Counter>\Process(*)\IO Data Operations/sec</Counter>
    <Counter>\Process(*)\IO Other Operations/sec</Counter>
    <Counter>\Process(*)\IO Read Operations/sec</Counter>
    <Counter>\Process(*)\IO Write Operations/sec</Counter>
    <Counter>\Process(*)\Private Bytes</Counter>
    <Counter>\Process(*)\Thread Count</Counter>
    <Counter>\Process(*)\Virtual Bytes</Counter>
    <Counter>\Process(*)\Working Set</Counter>
    <Counter>\Process(sqlservr)\% Privileged Time</Counter>
    <Counter>\Process(sqlservr)\% Processor Time</Counter>
    <Counter>\Processor Information(*)\% DPC Time</Counter>
    <Counter>\Processor Information(*)\% Interrupt Time</Counter>
    <Counter>\Processor Information(*)\% of Maximum Frequency</Counter>
    <Counter>\Processor Information(*)\% Privileged Time</Counter>
    <Counter>\Processor Information(*)\% Processor Time</Counter>
    <Counter>\Processor Information(*)\% User Time</Counter>
    <Counter>\Processor Information(*)\DPC Rate</Counter>
    <Counter>\Processor Information(*)\Parking Status</Counter>
    <Counter>\Processor(*)\% DPC Time</Counter>
    <Counter>\Processor(*)\% Interrupt Time</Counter>
    <Counter>\Processor(*)\% Privileged Time</Counter>
    <Counter>\Processor(*)\% Processor Time</Counter>
    <Counter>\Processor(*)\% User Time</Counter>
    <Counter>\Processor(*)\DPC Rate</Counter>
    <Counter>\ReportServer:Service\Errors Total</Counter>
    <Counter>\ReportServer:Service\Errors/sec</Counter>
    <Counter>\ReportServer:Service\Memory Pressure State</Counter>
    <Counter>\ReportServer:Service\Memory Shrink Amount</Counter>
    <Counter>\ReportServer:Service\Memory Shrink Notifications/sec</Counter>
    <Counter>\Server\Pool Nonpaged Failures</Counter>
    <Counter>\Server\Pool Paged Failures</Counter>
    <Counter>\System\Context Switches/sec</Counter>
    <Counter>\System\Processor Queue Length</Counter>
    <Counter>\System\System Calls/sec</Counter>
    <Counter>\TCPv4\Connection Failures</Counter>
</PerformanceCounterDataCollector>
<DataManager>
    <Enabled>-1</Enabled>
    <CheckBeforeRunning>-1</CheckBeforeRunning>
    <MinFreeDisk>200</MinFreeDisk>
    <MaxSize>1024</MaxSize>
    <MaxFolderCount>100</MaxFolderCount>
    <ResourcePolicy>0</ResourcePolicy>
    <FolderAction>
        <Size>0</Size>
        <Age>1</Age>
        <Actions>3</Actions>
    </FolderAction>
    <FolderAction>
        <Size>0</Size>
        <Age>56</Age>
        <Actions>8</Actions>
    </FolderAction>
    <FolderAction>
        <Size>0</Size>
        <Age>168</Age>
        <Actions>26</Actions>
    </FolderAction>
    <ReportSchema>
        <Report name="PAL Report" version="1" threshold="100">
            <Import file="%systemroot%\pla\reports\Report.System.Common.xml"/>
            <Import file="%systemroot%\pla\reports\Report.System.Summary.xml"/>
            <Import file="%systemroot%\pla\reports\Report.System.Performance.xml"/>
            <Import file="%systemroot%\pla\reports\Report.System.CPU.xml"/>
            <Import file="%systemroot%\pla\reports\Report.System.Network.xml"/>
            <Import file="%systemroot%\pla\reports\Report.System.Disk.xml"/>
            <Import file="%systemroot%\pla\reports\Report.System.Memory.xml"/>
        </Report>
    </ReportSchema>
    <Rules>
        <Logging level="15" file="rules.log"/>
        <Import file="%systemroot%\pla\rules\Rules.System.Common.xml"/>
        <Import file="%systemroot%\pla\rules\Rules.System.Summary.xml"/>
        <Import file="%systemroot%\pla\rules\Rules.System.Performance.xml"/>
        <Import file="%systemroot%\pla\rules\Rules.System.CPU.xml"/>
        <Import file="%systemroot%\pla\rules\Rules.System.Network.xml"/>
        <Import file="%systemroot%\pla\rules\Rules.System.Disk.xml"/>
        <Import file="%systemroot%\pla\rules\Rules.System.Memory.xml"/>
    </Rules>
</DataManager>
</DataCollectorSet>